1,tonie.lanquette.simplon@gmail.com,0123456789,Tonie
2,tonie.lanquette.simplon@gmail.com,0123456789,Tonie
3,tonie.lanquette.simplon@gmail.com,0123456789,Tonie
4,tonie.lanquette.simplon@gmail.com,0123456789,Tonie
5,tonie.lanquette.simplon@gmail.com,0123456789,Tonie
6,tonie.lanquette.simplon@gmail.com,0123456789,Tonie
7,azertyu,852,8523
8,azertyu@aqszerty,123456789,azertyu
9,azertyu@aqszerty,123456789,azertyu
10,azertyu@aqszerty.com,123456789,azertyu
11,azertyu@aqszerty.com,123456789,azertyu
12,azertyu@aqszerty.com,123456789,azertyu
13,azertyu@aqszerty.com,123456789,azertyu
14,azertyu@aqszerty.com,123456789,azertyu
15,azertyu@aqszerty.com,123456789,azertyu
16,azertyu@aqszerty.com,123456789,azertyu
17,azertyu@aqszerty.com,123456789,azertyu
18,azertyu@aqszerty.com,123456789,azertyu
